bank_account_balance_date,financial_entity_code,financial_entity_name,name,external_reference_id,currency_code,bank_account_balance_amt
06/04/2024,RandomValue0,RandomValue0,RandomValue0,6905465927,CAD,484.5041018
06/04/2024,RandomValue1,RandomValue1,RandomValue1,6905465943,CAD,93.56275027
06/04/2024,RandomValue2,RandomValue2,RandomValue2,6905333834,CAD,471.6484724
06/04/2024,RandomValue3,RandomValue3,RandomValue3,6907376929,USD,973.2655875
06/04/2024,RandomValue4,RandomValue4,RandomValue4,6905496989,CAD,799.7573304
06/04/2024,RandomValue5,RandomValue5,RandomValue5,6907378263,USD,792.6375339
06/04/2024,RandomValue6,RandomValue6,RandomValue6,6905333370,CAD,205.8642473
06/04/2024,RandomValue7,RandomValue7,RandomValue7,6907416882,USD,513.0805179
06/04/2024,RandomValue8,RandomValue8,RandomValue8,6905388892,CAD,4.340415809
06/04/2024,RandomValue9,RandomValue9,RandomValue9,6905538622,CAD,876.2309876
06/04/2024,RandomValue10,RandomValue10,RandomValue10,6905557457,CAD,403.5041857
06/04/2024,RandomValue11,RandomValue11,RandomValue11,6905331564,CAD,354.3974681
06/04/2024,RandomValue12,RandomValue12,RandomValue12,6905333095,CAD,830.686434
06/04/2024,RandomValue13,RandomValue13,RandomValue13,6905408370,CAD,730.0885056
06/04/2024,RandomValue14,RandomValue14,RandomValue14,6905538797,CAD,593.8647315
06/04/2024,RandomValue15,RandomValue15,RandomValue15,43507304547,USD,560.5264954
06/04/2024,RandomValue16,RandomValue16,RandomValue16,43505213849,CAD,321.2280762
06/04/2024,RandomValue17,RandomValue17,RandomValue17,6907378352,USD,998.137426
06/04/2024,RandomValue18,RandomValue18,RandomValue18,6905333699,CAD,946.7738181
06/04/2024,RandomValue19,RandomValue19,RandomValue19,4.00251E+13,GBP,279.9515522
06/04/2024,RandomValue20,RandomValue20,RandomValue20,4.0025E+13,GBP,179.0740104
06/04/2024,RandomValue21,RandomValue21,RandomValue21,4.00515E+13,EUR,174.5971726
06/04/2024,RandomValue22,RandomValue22,RandomValue22,4.00251E+13,GBP,490.8689958
06/04/2024,RandomValue23,RandomValue23,RandomValue23,4.00515E+13,USD,959.9487796
06/04/2024,RandomValue24,RandomValue24,RandomValue24,4.00516E+13,EUR,43.08520031
06/04/2024,RandomValue25,RandomValue25,RandomValue25,4.00251E+13,GBP,70.42393465
06/04/2024,RandomValue26,RandomValue26,RandomValue26,4.00516E+13,USD,707.5278452
06/04/2024,RandomValue27,RandomValue27,RandomValue27,4.00251E+13,GBP,786.3686019
06/04/2024,RandomValue28,RandomValue28,RandomValue28,4.00516E+13,USD,107.4210614
06/04/2024,RandomValue29,RandomValue29,RandomValue29,4.0025E+13,GBP,579.9930271
06/04/2024,RandomValue30,RandomValue30,RandomValue30,4.00515E+13,USD,225.0099215
06/04/2024,RandomValue31,RandomValue31,RandomValue31,4.00515E+13,EUR,989.3024044
06/04/2024,RandomValue32,RandomValue32,RandomValue32,71852934,NOK,685.3014192
06/04/2024,RandomValue33,RandomValue33,RandomValue33,4.00516E+13,AUD,161.958268
06/04/2024,RandomValue34,RandomValue34,RandomValue34,4.00516E+13,CAD,538.2964376
06/04/2024,RandomValue35,RandomValue35,RandomValue35,4.00515E+13,HKD,991.0886793
06/04/2024,RandomValue36,RandomValue36,RandomValue36,4.00251E+13,GBP,847.6121283
06/04/2024,RandomValue37,RandomValue37,RandomValue37,4.00251E+13,GBP,948.4370979
06/04/2024,RandomValue38,RandomValue38,RandomValue38,4.00251E+13,GBP,206.9172584
06/04/2024,RandomValue39,RandomValue39,RandomValue39,4.00251E+13,GBP,338.6505044
06/04/2024,RandomValue40,RandomValue40,RandomValue40,4.00251E+13,GBP,205.9651
06/04/2024,RandomValue41,RandomValue41,RandomValue41,4.0025E+13,GBP,25.25116325
06/04/2024,RandomValue42,RandomValue42,RandomValue42,4.0025E+13,GBP,573.207499
06/04/2024,RandomValue43,RandomValue43,RandomValue43,4.00251E+13,GBP,387.0671415
06/04/2024,RandomValue44,RandomValue44,RandomValue44,4.00251E+13,GBP,882.2201653
06/04/2024,RandomValue45,RandomValue45,RandomValue45,4.00516E+13,USD,460.9776416
06/04/2024,RandomValue46,RandomValue46,RandomValue46,4.00515E+13,AUD,594.6335381
06/04/2024,RandomValue47,RandomValue47,RandomValue47,4.00515E+13,HKD,594.9298205
06/04/2024,RandomValue48,RandomValue48,RandomValue48,4.00251E+13,GBP,985.2792133
06/04/2024,RandomValue49,RandomValue49,RandomValue49,4.00515E+13,JPY,85.37196869
06/04/2024,RandomValue50,RandomValue50,RandomValue50,4.00516E+13,CHF,104.5362055
06/04/2024,RandomValue51,RandomValue51,RandomValue51,4.00516E+13,PLN,30.90545355
06/04/2024,RandomValue52,RandomValue52,RandomValue52,4.00515E+13,SGD,119.6658041
06/04/2024,RandomValue53,RandomValue53,RandomValue53,4.00515E+13,USD,279.4575641
06/04/2024,RandomValue54,RandomValue54,RandomValue54,4.00515E+13,CAD,776.1436241
06/04/2024,RandomValue55,RandomValue55,RandomValue55,4.00515E+13,EUR,184.0221009
06/04/2024,RandomValue56,RandomValue56,RandomValue56,4.00531E+13,GBP,570.3483706
06/04/2024,RandomValue57,RandomValue57,RandomValue57,4.00516E+13,NZD,880.408212
06/04/2024,RandomValue58,RandomValue58,RandomValue58,4.00516E+13,ZAR,5.71052507
06/04/2024,RandomValue59,RandomValue59,RandomValue59,4.00516E+13,CNH,403.2792732
06/04/2024,RandomValue60,RandomValue60,RandomValue60,4.00516E+13,EUR,695.8424199
06/04/2024,RandomValue61,RandomValue61,RandomValue61,4.00516E+13,USD,878.5973464
06/04/2024,RandomValue62,RandomValue62,RandomValue62,4.0025E+13,GBP,489.9667981
06/04/2024,RandomValue63,RandomValue63,RandomValue63,4.0025E+13,GBP,78.98823972
06/04/2024,RandomValue64,RandomValue64,RandomValue64,4.00251E+13,GBP,759.3205404
06/04/2024,RandomValue65,RandomValue65,RandomValue65,4.0025E+13,GBP,440.044675
06/04/2024,RandomValue66,RandomValue66,RandomValue66,4.00251E+13,GBP,324.4229545
06/04/2024,RandomValue67,RandomValue67,RandomValue67,,GBP,872.2249656
06/04/2024,RandomValue68,RandomValue68,RandomValue68,,EUR,349.8616234
06/04/2024,RandomValue69,RandomValue69,RandomValue69,8188439650,USD,973.2794555
06/04/2024,RandomValue70,RandomValue70,RandomValue70,8188439636,USD,69.58550089
06/04/2024,RandomValue71,RandomValue71,RandomValue71,8188195483,USD,359.1897207
06/04/2024,RandomValue72,RandomValue72,RandomValue72,8188608186,USD,8.017681343
06/04/2024,RandomValue73,RandomValue73,RandomValue73,8188813191,USD,971.8896397
06/04/2024,RandomValue74,RandomValue74,RandomValue74,8188093772,USD,937.624325
06/04/2024,RandomValue75,RandomValue75,RandomValue75,8188594090,USD,582.7933275
06/04/2024,RandomValue76,RandomValue76,RandomValue76,8188206306,USD,498.0805942
06/04/2024,RandomValue77,RandomValue77,RandomValue77,8188596254,USD,141.6060901
06/04/2024,RandomValue78,RandomValue78,RandomValue78,8188058009,USD,296.936565
06/04/2024,RandomValue79,RandomValue79,RandomValue79,8188204987,USD,879.4735456
06/04/2024,RandomValue80,RandomValue80,RandomValue80,8188610523,USD,799.4820121
06/04/2024,RandomValue81,RandomValue81,RandomValue81,8188704673,USD,514.5131549
06/04/2024,RandomValue82,RandomValue82,RandomValue82,8188704654,USD,664.6049033
06/04/2024,RandomValue83,RandomValue83,RandomValue83,8188613192,USD,972.0523485
06/04/2024,RandomValue84,RandomValue84,RandomValue84,10008651,GBP,116.6730841
06/04/2024,RandomValue85,RandomValue85,RandomValue85,41469368,MXN,231.8119074
06/04/2024,RandomValue86,RandomValue86,RandomValue86,41469366,EUR,759.5507689
06/04/2024,RandomValue87,RandomValue87,RandomValue87,10008649,SEK,693.6726653
06/04/2024,RandomValue88,RandomValue88,RandomValue88,41469363,AUD,375.8034884
06/04/2024,RandomValue89,RandomValue89,RandomValue89,10008644,SGD,967.4193884
06/04/2024,RandomValue90,RandomValue90,RandomValue90,41469367,JPY,811.2925604
06/04/2024,RandomValue91,RandomValue91,RandomValue91,10009502,NOK,500.0032712
06/04/2024,RandomValue92,RandomValue92,RandomValue92,10008652,USD,859.7521718
06/04/2024,RandomValue93,RandomValue93,RandomValue93,10008642,PLN,369.4969554
06/04/2024,RandomValue94,RandomValue94,RandomValue94,41469365,HKD,202.9630864
06/04/2024,RandomValue95,RandomValue95,RandomValue95,41469364,CAD,307.8279872
06/04/2024,RandomValue96,RandomValue96,RandomValue96,10008650,CHF,273.8048389
06/04/2024,RandomValue97,RandomValue97,RandomValue97,77044308,SEK,596.0903845
06/04/2024,RandomValue98,RandomValue98,RandomValue98,77044313,ZAR,747.6287332
06/04/2024,RandomValue99,RandomValue99,RandomValue99,77044309,NOK,386.9774741
06/04/2024,RandomValue100,RandomValue100,RandomValue100,77044304,JPY,3.141747865
06/04/2024,RandomValue101,RandomValue101,RandomValue101,77044301,EUR,132.9163708
06/04/2024,RandomValue102,RandomValue102,RandomValue102,77044311,DKK,255.7998562
06/04/2024,RandomValue103,RandomValue103,RandomValue103,77044302,GBP,453.1351909
06/04/2024,RandomValue104,RandomValue104,RandomValue104,77044312,NZD,341.5914102
06/04/2024,RandomValue105,RandomValue105,RandomValue105,77044314,SGD,751.4267737
06/04/2024,RandomValue106,RandomValue106,RandomValue106,77044306,AUD,673.5955726
06/04/2024,RandomValue107,RandomValue107,RandomValue107,77044305,CHF,221.9223641
06/04/2024,RandomValue108,RandomValue108,RandomValue108,77044310,HKD,543.4552545
05/04/2024,RandomValue109,RandomValue109,RandomValue109,6905465943,CAD,993.1608105
05/04/2024,RandomValue110,RandomValue110,RandomValue110,6905465927,CAD,906.6357244
05/04/2024,RandomValue111,RandomValue111,RandomValue111,6905333834,CAD,982.6644473
05/04/2024,RandomValue112,RandomValue112,RandomValue112,6907416882,USD,490.5405176
05/04/2024,RandomValue113,RandomValue113,RandomValue113,6905557457,CAD,976.687366
05/04/2024,RandomValue114,RandomValue114,RandomValue114,6905333095,CAD,236.4153045
05/04/2024,RandomValue115,RandomValue115,RandomValue115,6907378263,USD,42.0550683
05/04/2024,RandomValue116,RandomValue116,RandomValue116,6905331564,CAD,516.4574523
05/04/2024,RandomValue117,RandomValue117,RandomValue117,6905408370,CAD,376.1633611
05/04/2024,RandomValue118,RandomValue118,RandomValue118,6905333370,CAD,139.4837791
05/04/2024,RandomValue119,RandomValue119,RandomValue119,6905538622,CAD,203.6407293
05/04/2024,RandomValue120,RandomValue120,RandomValue120,6905496989,CAD,298.3861884
05/04/2024,RandomValue121,RandomValue121,RandomValue121,6907376929,USD,277.833401
05/04/2024,RandomValue122,RandomValue122,RandomValue122,6905388892,CAD,122.6328543
05/04/2024,RandomValue123,RandomValue123,RandomValue123,43507304547,USD,183.6150245
05/04/2024,RandomValue124,RandomValue124,RandomValue124,6905538797,CAD,617.1059319
05/04/2024,RandomValue125,RandomValue125,RandomValue125,43505213849,CAD,711.2358637
05/04/2024,RandomValue126,RandomValue126,RandomValue126,6905333699,CAD,807.0397974
05/04/2024,RandomValue127,RandomValue127,RandomValue127,6907378352,USD,51.5580047
05/04/2024,RandomValue128,RandomValue128,RandomValue128,4.00251E+13,GBP,236.3375103
05/04/2024,RandomValue129,RandomValue129,RandomValue129,4.00516E+13,EUR,428.175865
05/04/2024,RandomValue130,RandomValue130,RandomValue130,4.00515E+13,EUR,488.3170978
05/04/2024,RandomValue131,RandomValue131,RandomValue131,4.0025E+13,GBP,912.3390015
05/04/2024,RandomValue132,RandomValue132,RandomValue132,4.00516E+13,USD,846.8002385
05/04/2024,RandomValue133,RandomValue133,RandomValue133,4.00251E+13,GBP,868.3582476
05/04/2024,RandomValue134,RandomValue134,RandomValue134,4.00515E+13,USD,46.94899151
05/04/2024,RandomValue135,RandomValue135,RandomValue135,4.00251E+13,GBP,607.9669491
05/04/2024,RandomValue136,RandomValue136,RandomValue136,4.00516E+13,USD,39.09283756
05/04/2024,RandomValue137,RandomValue137,RandomValue137,4.00251E+13,GBP,460.7812879
05/04/2024,RandomValue138,RandomValue138,RandomValue138,4.00516E+13,AUD,729.5505597
05/04/2024,RandomValue139,RandomValue139,RandomValue139,4.00515E+13,EUR,170.5553668
05/04/2024,RandomValue140,RandomValue140,RandomValue140,71852934,NOK,158.8827532
05/04/2024,RandomValue141,RandomValue141,RandomValue141,4.0025E+13,GBP,136.6082944
05/04/2024,RandomValue142,RandomValue142,RandomValue142,4.00516E+13,CAD,138.4856525
05/04/2024,RandomValue143,RandomValue143,RandomValue143,4.00515E+13,USD,878.0081744
05/04/2024,RandomValue144,RandomValue144,RandomValue144,4.00515E+13,HKD,24.36349175
05/04/2024,RandomValue145,RandomValue145,RandomValue145,4.00251E+13,GBP,174.3133321
05/04/2024,RandomValue146,RandomValue146,RandomValue146,4.00251E+13,GBP,935.8194372
05/04/2024,RandomValue147,RandomValue147,RandomValue147,4.00251E+13,GBP,837.4968786
05/04/2024,RandomValue148,RandomValue148,RandomValue148,4.00251E+13,GBP,102.2715128
05/04/2024,RandomValue149,RandomValue149,RandomValue149,4.0025E+13,GBP,597.9006369
05/04/2024,RandomValue150,RandomValue150,RandomValue150,4.00251E+13,GBP,197.0283981
05/04/2024,RandomValue151,RandomValue151,RandomValue151,4.0025E+13,GBP,561.1860931
05/04/2024,RandomValue152,RandomValue152,RandomValue152,4.00251E+13,GBP,493.3116353
05/04/2024,RandomValue153,RandomValue153,RandomValue153,4.00251E+13,GBP,177.0965818
05/04/2024,RandomValue154,RandomValue154,RandomValue154,4.00516E+13,USD,638.9375794
05/04/2024,RandomValue155,RandomValue155,RandomValue155,4.00515E+13,USD,353.3409365
05/04/2024,RandomValue156,RandomValue156,RandomValue156,4.00516E+13,ZAR,571.0513956
05/04/2024,RandomValue157,RandomValue157,RandomValue157,4.00531E+13,GBP,855.0497152
05/04/2024,RandomValue158,RandomValue158,RandomValue158,4.00516E+13,NZD,317.6589515
05/04/2024,RandomValue159,RandomValue159,RandomValue159,4.00516E+13,CHF,562.7976202
05/04/2024,RandomValue160,RandomValue160,RandomValue160,4.00251E+13,GBP,552.472432
05/04/2024,RandomValue161,RandomValue161,RandomValue161,4.00516E+13,PLN,576.9890927
05/04/2024,RandomValue162,RandomValue162,RandomValue162,4.00516E+13,CNH,191.6255811
05/04/2024,RandomValue163,RandomValue163,RandomValue163,4.00515E+13,HKD,232.7764645
05/04/2024,RandomValue164,RandomValue164,RandomValue164,4.00515E+13,SGD,851.9656493
05/04/2024,RandomValue165,RandomValue165,RandomValue165,4.00515E+13,JPY,183.9566733
05/04/2024,RandomValue166,RandomValue166,RandomValue166,4.00515E+13,CAD,616.970297
05/04/2024,RandomValue167,RandomValue167,RandomValue167,4.00515E+13,AUD,960.907263
05/04/2024,RandomValue168,RandomValue168,RandomValue168,4.00515E+13,EUR,928.3041433
05/04/2024,RandomValue169,RandomValue169,RandomValue169,4.00516E+13,USD,859.4382586
05/04/2024,RandomValue170,RandomValue170,RandomValue170,4.00516E+13,EUR,996.900621
05/04/2024,RandomValue171,RandomValue171,RandomValue171,4.0025E+13,GBP,3.678088916
05/04/2024,RandomValue172,RandomValue172,RandomValue172,4.0025E+13,GBP,470.8883672
05/04/2024,RandomValue173,RandomValue173,RandomValue173,4.00251E+13,GBP,485.2545704
05/04/2024,RandomValue174,RandomValue174,RandomValue174,4.0025E+13,GBP,726.4805388
05/04/2024,RandomValue175,RandomValue175,RandomValue175,4.00251E+13,GBP,644.1918843
05/04/2024,RandomValue176,RandomValue176,RandomValue176,,GBP,178.9475651
05/04/2024,RandomValue177,RandomValue177,RandomValue177,,EUR,525.7690203
05/04/2024,RandomValue178,RandomValue178,RandomValue178,8188439650,USD,393.3918427
05/04/2024,RandomValue179,RandomValue179,RandomValue179,8188439636,USD,604.0379852
05/04/2024,RandomValue180,RandomValue180,RandomValue180,8188195483,USD,199.1938939
05/04/2024,RandomValue181,RandomValue181,RandomValue181,3359874552,USD,834.0831592
05/04/2024,RandomValue182,RandomValue182,RandomValue182,8188608186,USD,377.4387909
05/04/2024,RandomValue183,RandomValue183,RandomValue183,8188594090,USD,847.5596625
05/04/2024,RandomValue184,RandomValue184,RandomValue184,8188596254,USD,882.6378297
05/04/2024,RandomValue185,RandomValue185,RandomValue185,8188813191,USD,516.5622971
05/04/2024,RandomValue186,RandomValue186,RandomValue186,8188093772,USD,393.5880862
05/04/2024,RandomValue187,RandomValue187,RandomValue187,8188206306,USD,501.7614151
05/04/2024,RandomValue188,RandomValue188,RandomValue188,8188058009,USD,786.4219771
05/04/2024,RandomValue189,RandomValue189,RandomValue189,8188204987,USD,626.5883195
05/04/2024,RandomValue190,RandomValue190,RandomValue190,8188610523,USD,563.149094
05/04/2024,RandomValue191,RandomValue191,RandomValue191,8188704673,USD,894.1678917
05/04/2024,RandomValue192,RandomValue192,RandomValue192,8188704654,USD,703.7237466
05/04/2024,RandomValue193,RandomValue193,RandomValue193,8188613192,USD,253.9460053
05/04/2024,RandomValue194,RandomValue194,RandomValue194,10008652,USD,775.6866058
05/04/2024,RandomValue195,RandomValue195,RandomValue195,10009502,NOK,96.7676203
05/04/2024,RandomValue196,RandomValue196,RandomValue196,10008644,SGD,479.7606457
05/04/2024,RandomValue197,RandomValue197,RandomValue197,10008642,PLN,518.6732166
05/04/2024,RandomValue198,RandomValue198,RandomValue198,41469367,JPY,531.4237098
05/04/2024,RandomValue199,RandomValue199,RandomValue199,41469365,HKD,574.3309965
05/04/2024,RandomValue200,RandomValue200,RandomValue200,41469364,CAD,911.3411767
05/04/2024,RandomValue201,RandomValue201,RandomValue201,10008650,CHF,934.9078811
05/04/2024,RandomValue202,RandomValue202,RandomValue202,41469363,AUD,10.11034023
05/04/2024,RandomValue203,RandomValue203,RandomValue203,41469366,EUR,387.1565637
05/04/2024,RandomValue204,RandomValue204,RandomValue204,10008649,SEK,118.2266746
05/04/2024,RandomValue205,RandomValue205,RandomValue205,10008651,GBP,754.9035602
05/04/2024,RandomValue206,RandomValue206,RandomValue206,41469368,MXN,145.3154516
05/04/2024,RandomValue207,RandomValue207,RandomValue207,77044305,CHF,373.1019974
05/04/2024,RandomValue208,RandomValue208,RandomValue208,77044309,NOK,574.1261179
05/04/2024,RandomValue209,RandomValue209,RandomValue209,77044306,AUD,542.7388783
05/04/2024,RandomValue210,RandomValue210,RandomValue210,77044302,GBP,24.23688176
05/04/2024,RandomValue211,RandomValue211,RandomValue211,77044313,ZAR,935.125811
05/04/2024,RandomValue212,RandomValue212,RandomValue212,77044314,SGD,59.99601753
05/04/2024,RandomValue213,RandomValue213,RandomValue213,77044304,JPY,936.01901
05/04/2024,RandomValue214,RandomValue214,RandomValue214,77044310,HKD,175.4009568
05/04/2024,RandomValue215,RandomValue215,RandomValue215,77044301,EUR,544.9230711
05/04/2024,RandomValue216,RandomValue216,RandomValue216,77044308,SEK,98.66618482
05/04/2024,RandomValue217,RandomValue217,RandomValue217,77044312,NZD,814.8121948
05/04/2024,RandomValue218,RandomValue218,RandomValue218,77044311,DKK,923.2244298
01/04/2024,RandomValue219,RandomValue219,RandomValue219,6905465927,CAD,868.5953367
01/04/2024,RandomValue220,RandomValue220,RandomValue220,6905465943,CAD,822.9736814
01/04/2024,RandomValue221,RandomValue221,RandomValue221,6905333834,CAD,324.4337419
01/04/2024,RandomValue222,RandomValue222,RandomValue222,6907378263,USD,478.2857817
01/04/2024,RandomValue223,RandomValue223,RandomValue223,6905331564,CAD,841.5690628
01/04/2024,RandomValue224,RandomValue224,RandomValue224,6907416882,USD,538.5870459
01/04/2024,RandomValue225,RandomValue225,RandomValue225,6905538622,CAD,644.4773687
01/04/2024,RandomValue226,RandomValue226,RandomValue226,6905388892,CAD,464.1097445
01/04/2024,RandomValue227,RandomValue227,RandomValue227,6907376929,USD,318.3413989
01/04/2024,RandomValue228,RandomValue228,RandomValue228,6905496989,CAD,193.9345601
01/04/2024,RandomValue229,RandomValue229,RandomValue229,6905333370,CAD,310.5962169
01/04/2024,RandomValue230,RandomValue230,RandomValue230,6905557457,CAD,18.34118141
01/04/2024,RandomValue231,RandomValue231,RandomValue231,6905408370,CAD,189.9084329
01/04/2024,RandomValue232,RandomValue232,RandomValue232,6905333095,CAD,975.4549009
01/04/2024,RandomValue233,RandomValue233,RandomValue233,6905538797,CAD,392.3280917
01/04/2024,RandomValue234,RandomValue234,RandomValue234,43505213849,CAD,823.1059272
01/04/2024,RandomValue235,RandomValue235,RandomValue235,43507304547,USD,792.3625122
01/04/2024,RandomValue236,RandomValue236,RandomValue236,6905333699,CAD,986.0106835
01/04/2024,RandomValue237,RandomValue237,RandomValue237,6907378352,USD,746.3025822
01/04/2024,RandomValue238,RandomValue238,RandomValue238,4.00515E+13,USD,832.3354847
01/04/2024,RandomValue239,RandomValue239,RandomValue239,4.00251E+13,GBP,101.2688528
01/04/2024,RandomValue240,RandomValue240,RandomValue240,4.00516E+13,EUR,130.5306463
01/04/2024,RandomValue241,RandomValue241,RandomValue241,4.00251E+13,GBP,128.0456775
01/04/2024,RandomValue242,RandomValue242,RandomValue242,4.0025E+13,GBP,110.3333304
01/04/2024,RandomValue243,RandomValue243,RandomValue243,4.00251E+13,GBP,138.2810491
01/04/2024,RandomValue244,RandomValue244,RandomValue244,4.00515E+13,EUR,612.3216236
01/04/2024,RandomValue245,RandomValue245,RandomValue245,4.00516E+13,USD,904.2630743
01/04/2024,RandomValue246,RandomValue246,RandomValue246,4.00251E+13,GBP,272.2615993
01/04/2024,RandomValue247,RandomValue247,RandomValue247,4.00516E+13,USD,887.4965007
01/04/2024,RandomValue248,RandomValue248,RandomValue248,4.00515E+13,USD,14.14831356
01/04/2024,RandomValue249,RandomValue249,RandomValue249,4.00516E+13,AUD,827.7778237
01/04/2024,RandomValue250,RandomValue250,RandomValue250,4.00515E+13,EUR,223.7448816
01/04/2024,RandomValue251,RandomValue251,RandomValue251,71852934,NOK,286.5631157
01/04/2024,RandomValue252,RandomValue252,RandomValue252,4.0025E+13,GBP,363.1760119
01/04/2024,RandomValue253,RandomValue253,RandomValue253,4.00515E+13,HKD,72.79894754
01/04/2024,RandomValue254,RandomValue254,RandomValue254,4.00516E+13,CAD,315.1332713
01/04/2024,RandomValue255,RandomValue255,RandomValue255,4.00251E+13,GBP,19.42088345
01/04/2024,RandomValue256,RandomValue256,RandomValue256,4.00251E+13,GBP,69.12659778
01/04/2024,RandomValue257,RandomValue257,RandomValue257,4.00251E+13,GBP,795.9698197
01/04/2024,RandomValue258,RandomValue258,RandomValue258,4.00251E+13,GBP,32.76086007
01/04/2024,RandomValue259,RandomValue259,RandomValue259,4.00251E+13,GBP,801.2448138
01/04/2024,RandomValue260,RandomValue260,RandomValue260,4.0025E+13,GBP,614.0858072
01/04/2024,RandomValue261,RandomValue261,RandomValue261,4.0025E+13,GBP,910.8287378
01/04/2024,RandomValue262,RandomValue262,RandomValue262,4.00251E+13,GBP,858.7722483
01/04/2024,RandomValue263,RandomValue263,RandomValue263,4.00251E+13,GBP,302.8892948
01/04/2024,RandomValue264,RandomValue264,RandomValue264,4.00516E+13,USD,246.4171694
01/04/2024,RandomValue265,RandomValue265,RandomValue265,4.00516E+13,CHF,333.5752779
01/04/2024,RandomValue266,RandomValue266,RandomValue266,4.00515E+13,CAD,260.5402145
01/04/2024,RandomValue267,RandomValue267,RandomValue267,4.00515E+13,USD,427.169752
01/04/2024,RandomValue268,RandomValue268,RandomValue268,4.00515E+13,AUD,81.55110293
01/04/2024,RandomValue269,RandomValue269,RandomValue269,4.00515E+13,SGD,504.958067
01/04/2024,RandomValue270,RandomValue270,RandomValue270,4.00516E+13,NZD,277.8074827
01/04/2024,RandomValue271,RandomValue271,RandomValue271,4.00516E+13,PLN,18.61370842
01/04/2024,RandomValue272,RandomValue272,RandomValue272,4.00515E+13,EUR,453.9872924
01/04/2024,RandomValue273,RandomValue273,RandomValue273,4.00515E+13,JPY,894.6124839
01/04/2024,RandomValue274,RandomValue274,RandomValue274,4.00515E+13,HKD,471.5030067
01/04/2024,RandomValue275,RandomValue275,RandomValue275,4.00531E+13,GBP,676.4571437
01/04/2024,RandomValue276,RandomValue276,RandomValue276,4.00516E+13,ZAR,567.1534652
01/04/2024,RandomValue277,RandomValue277,RandomValue277,4.00516E+13,CNH,508.7725638
01/04/2024,RandomValue278,RandomValue278,RandomValue278,4.00251E+13,GBP,995.3630346
01/04/2024,RandomValue279,RandomValue279,RandomValue279,4.00516E+13,EUR,768.8062469
01/04/2024,RandomValue280,RandomValue280,RandomValue280,4.00516E+13,USD,271.3101277
01/04/2024,RandomValue281,RandomValue281,RandomValue281,4.0025E+13,GBP,916.5345342
01/04/2024,RandomValue282,RandomValue282,RandomValue282,4.0025E+13,GBP,377.5667674
01/04/2024,RandomValue283,RandomValue283,RandomValue283,4.00251E+13,GBP,259.3758254
01/04/2024,RandomValue284,RandomValue284,RandomValue284,4.0025E+13,GBP,925.6174752
01/04/2024,RandomValue285,RandomValue285,RandomValue285,4.00251E+13,GBP,476.6585626
01/04/2024,RandomValue286,RandomValue286,RandomValue286,,EUR,733.1636231
01/04/2024,RandomValue287,RandomValue287,RandomValue287,,GBP,261.4120509
01/04/2024,RandomValue288,RandomValue288,RandomValue288,8188439650,USD,230.4031093
01/04/2024,RandomValue289,RandomValue289,RandomValue289,8188439636,USD,44.30587356
01/04/2024,RandomValue290,RandomValue290,RandomValue290,8188195483,USD,739.3771582
01/04/2024,RandomValue291,RandomValue291,RandomValue291,8188608186,USD,582.4812029
01/04/2024,RandomValue292,RandomValue292,RandomValue292,8188596254,USD,123.264278
01/04/2024,RandomValue293,RandomValue293,RandomValue293,8188093772,USD,42.82466385
01/04/2024,RandomValue294,RandomValue294,RandomValue294,8188813191,USD,580.8151202
01/04/2024,RandomValue295,RandomValue295,RandomValue295,8188206306,USD,36.53913009
01/04/2024,RandomValue296,RandomValue296,RandomValue296,8188594090,USD,237.8351286
01/04/2024,RandomValue297,RandomValue297,RandomValue297,8188058009,USD,55.69101135
01/04/2024,RandomValue298,RandomValue298,RandomValue298,8188204987,USD,787.2258607
01/04/2024,RandomValue299,RandomValue299,RandomValue299,8188610523,USD,489.2287003
01/04/2024,RandomValue300,RandomValue300,RandomValue300,8188704673,USD,380.6383275
01/04/2024,RandomValue301,RandomValue301,RandomValue301,8188704654,USD,504.6194715
01/04/2024,RandomValue302,RandomValue302,RandomValue302,8188613192,USD,378.1478442
01/04/2024,RandomValue303,RandomValue303,RandomValue303,41469366,EUR,847.1199053
01/04/2024,RandomValue304,RandomValue304,RandomValue304,10008649,SEK,542.1688453
01/04/2024,RandomValue305,RandomValue305,RandomValue305,41469363,AUD,648.9449877
01/04/2024,RandomValue306,RandomValue306,RandomValue306,10008642,PLN,761.02101
01/04/2024,RandomValue307,RandomValue307,RandomValue307,41469367,JPY,548.3541198
01/04/2024,RandomValue308,RandomValue308,RandomValue308,10008644,SGD,796.9185434
01/04/2024,RandomValue309,RandomValue309,RandomValue309,10009502,NOK,60.65719238
01/04/2024,RandomValue310,RandomValue310,RandomValue310,10008652,USD,224.9943264
01/04/2024,RandomValue311,RandomValue311,RandomValue311,10008651,GBP,113.2223527
01/04/2024,RandomValue312,RandomValue312,RandomValue312,41469368,MXN,903.7931788
01/04/2024,RandomValue313,RandomValue313,RandomValue313,41469365,HKD,526.002832
01/04/2024,RandomValue314,RandomValue314,RandomValue314,41469364,CAD,939.1572005
01/04/2024,RandomValue315,RandomValue315,RandomValue315,10008650,CHF,797.6177486
01/04/2024,RandomValue316,RandomValue316,RandomValue316,77044306,AUD,488.9968634
01/04/2024,RandomValue317,RandomValue317,RandomValue317,77044304,JPY,58.85892361
01/04/2024,RandomValue318,RandomValue318,RandomValue318,77044309,NOK,94.08965987
01/04/2024,RandomValue319,RandomValue319,RandomValue319,77044311,DKK,161.5058757
01/04/2024,RandomValue320,RandomValue320,RandomValue320,77044308,SEK,209.4713661
01/04/2024,RandomValue321,RandomValue321,RandomValue321,77044302,GBP,741.0984256
01/04/2024,RandomValue322,RandomValue322,RandomValue322,77044301,EUR,450.5728799
01/04/2024,RandomValue323,RandomValue323,RandomValue323,77044312,NZD,217.8423803
01/04/2024,RandomValue324,RandomValue324,RandomValue324,77044305,CHF,745.10455
01/04/2024,RandomValue325,RandomValue325,RandomValue325,77044313,ZAR,842.228045
01/04/2024,RandomValue326,RandomValue326,RandomValue326,77044314,SGD,515.8229526
01/04/2024,RandomValue327,RandomValue327,RandomValue327,77044310,HKD,493.5130324
03/04/2024,RandomValue328,RandomValue328,RandomValue328,6905465943,CAD,299.5857597
03/04/2024,RandomValue329,RandomValue329,RandomValue329,6905465927,CAD,686.95983
03/04/2024,RandomValue330,RandomValue330,RandomValue330,6905333834,CAD,828.7494585
03/04/2024,RandomValue331,RandomValue331,RandomValue331,6907416882,USD,77.37508586
03/04/2024,RandomValue332,RandomValue332,RandomValue332,6905333095,CAD,99.78528858
03/04/2024,RandomValue333,RandomValue333,RandomValue333,6907378263,USD,278.678219
03/04/2024,RandomValue334,RandomValue334,RandomValue334,6907376929,USD,144.3010569
03/04/2024,RandomValue335,RandomValue335,RandomValue335,6905496989,CAD,337.4707539
03/04/2024,RandomValue336,RandomValue336,RandomValue336,6905388892,CAD,642.9606252
03/04/2024,RandomValue337,RandomValue337,RandomValue337,6905538622,CAD,431.048897
03/04/2024,RandomValue338,RandomValue338,RandomValue338,6905408370,CAD,473.5229969
03/04/2024,RandomValue339,RandomValue339,RandomValue339,6905557457,CAD,202.9927979
03/04/2024,RandomValue340,RandomValue340,RandomValue340,6905331564,CAD,746.8646322
03/04/2024,RandomValue341,RandomValue341,RandomValue341,6905333370,CAD,745.7072434
03/04/2024,RandomValue342,RandomValue342,RandomValue342,6905538797,CAD,43.32330558
03/04/2024,RandomValue343,RandomValue343,RandomValue343,43507304547,USD,819.3039118
03/04/2024,RandomValue344,RandomValue344,RandomValue344,43505213849,CAD,760.0889814
03/04/2024,RandomValue345,RandomValue345,RandomValue345,6905333699,CAD,254.8537922
03/04/2024,RandomValue346,RandomValue346,RandomValue346,6907378352,USD,360.6801108
03/04/2024,RandomValue347,RandomValue347,RandomValue347,4.0025E+13,GBP,770.4018868
03/04/2024,RandomValue348,RandomValue348,RandomValue348,4.00515E+13,USD,702.0263666
03/04/2024,RandomValue349,RandomValue349,RandomValue349,4.00516E+13,EUR,534.0327891
03/04/2024,RandomValue350,RandomValue350,RandomValue350,4.00515E+13,EUR,888.2422213
03/04/2024,RandomValue351,RandomValue351,RandomValue351,4.00251E+13,GBP,105.9357168
03/04/2024,RandomValue352,RandomValue352,RandomValue352,4.00251E+13,GBP,377.0245524
03/04/2024,RandomValue353,RandomValue353,RandomValue353,4.00516E+13,USD,117.6780218
03/04/2024,RandomValue354,RandomValue354,RandomValue354,4.00251E+13,GBP,913.3120348
03/04/2024,RandomValue355,RandomValue355,RandomValue355,4.00251E+13,GBP,436.6377275
03/04/2024,RandomValue356,RandomValue356,RandomValue356,4.00516E+13,USD,414.2163505
03/04/2024,RandomValue357,RandomValue357,RandomValue357,4.00515E+13,USD,865.0239906
03/04/2024,RandomValue358,RandomValue358,RandomValue358,4.00515E+13,EUR,62.2900229
03/04/2024,RandomValue359,RandomValue359,RandomValue359,71852934,NOK,141.6342055
03/04/2024,RandomValue360,RandomValue360,RandomValue360,4.0025E+13,GBP,211.4454642
03/04/2024,RandomValue361,RandomValue361,RandomValue361,4.00515E+13,HKD,726.0972157
03/04/2024,RandomValue362,RandomValue362,RandomValue362,4.00516E+13,AUD,879.190678
03/04/2024,RandomValue363,RandomValue363,RandomValue363,4.00516E+13,CAD,197.2103883
03/04/2024,RandomValue364,RandomValue364,RandomValue364,4.00251E+13,GBP,176.5477745
03/04/2024,RandomValue365,RandomValue365,RandomValue365,4.00251E+13,GBP,154.6248833
03/04/2024,RandomValue366,RandomValue366,RandomValue366,4.00251E+13,GBP,80.73499496
03/04/2024,RandomValue367,RandomValue367,RandomValue367,4.00251E+13,GBP,207.5459448
03/04/2024,RandomValue368,RandomValue368,RandomValue368,4.0025E+13,GBP,570.9151128
03/04/2024,RandomValue369,RandomValue369,RandomValue369,4.00251E+13,GBP,803.6537846
03/04/2024,RandomValue370,RandomValue370,RandomValue370,4.0025E+13,GBP,436.9376487
03/04/2024,RandomValue371,RandomValue371,RandomValue371,4.00251E+13,GBP,111.8210046
03/04/2024,RandomValue372,RandomValue372,RandomValue372,4.00251E+13,GBP,94.02356378
03/04/2024,RandomValue373,RandomValue373,RandomValue373,4.00516E+13,USD,732.6833651
03/04/2024,RandomValue374,RandomValue374,RandomValue374,4.00516E+13,CHF,506.3394263
03/04/2024,RandomValue375,RandomValue375,RandomValue375,4.00515E+13,AUD,499.4418302
03/04/2024,RandomValue376,RandomValue376,RandomValue376,4.00516E+13,NZD,183.1111811
03/04/2024,RandomValue377,RandomValue377,RandomValue377,4.00516E+13,PLN,230.2054768
03/04/2024,RandomValue378,RandomValue378,RandomValue378,4.00515E+13,CAD,986.5978583
03/04/2024,RandomValue379,RandomValue379,RandomValue379,4.00251E+13,GBP,642.8922572
03/04/2024,RandomValue380,RandomValue380,RandomValue380,4.00531E+13,GBP,916.6693069
03/04/2024,RandomValue381,RandomValue381,RandomValue381,4.00515E+13,EUR,291.934501
03/04/2024,RandomValue382,RandomValue382,RandomValue382,4.00516E+13,ZAR,212.2435718
03/04/2024,RandomValue383,RandomValue383,RandomValue383,4.00515E+13,HKD,722.4288657
03/04/2024,RandomValue384,RandomValue384,RandomValue384,4.00515E+13,USD,718.3691822
03/04/2024,RandomValue385,RandomValue385,RandomValue385,4.00516E+13,CNH,483.5181084
03/04/2024,RandomValue386,RandomValue386,RandomValue386,4.00515E+13,SGD,283.1041783
03/04/2024,RandomValue387,RandomValue387,RandomValue387,4.00515E+13,JPY,602.2727711
03/04/2024,RandomValue388,RandomValue388,RandomValue388,4.00516E+13,EUR,645.4594851
03/04/2024,RandomValue389,RandomValue389,RandomValue389,4.00516E+13,USD,311.5104751
03/04/2024,RandomValue390,RandomValue390,RandomValue390,4.0025E+13,GBP,352.9709245
03/04/2024,RandomValue391,RandomValue391,RandomValue391,4.0025E+13,GBP,362.8112818
03/04/2024,RandomValue392,RandomValue392,RandomValue392,4.00251E+13,GBP,459.333762
03/04/2024,RandomValue393,RandomValue393,RandomValue393,4.0025E+13,GBP,444.162168
03/04/2024,RandomValue394,RandomValue394,RandomValue394,4.00251E+13,GBP,79.50672189
03/04/2024,RandomValue395,RandomValue395,RandomValue395,,EUR,333.4786218
03/04/2024,RandomValue396,RandomValue396,RandomValue396,,GBP,39.16591307
03/04/2024,RandomValue397,RandomValue397,RandomValue397,8188439650,USD,115.221957
03/04/2024,RandomValue398,RandomValue398,RandomValue398,8188439636,USD,480.0955236
03/04/2024,RandomValue399,RandomValue399,RandomValue399,8188195483,USD,93.28267189
03/04/2024,RandomValue400,RandomValue400,RandomValue400,3359874552,USD,873.7892741
03/04/2024,RandomValue401,RandomValue401,RandomValue401,8188608186,USD,499.3252433
03/04/2024,RandomValue402,RandomValue402,RandomValue402,8188813191,USD,805.5003868
03/04/2024,RandomValue403,RandomValue403,RandomValue403,8188206306,USD,565.432005
03/04/2024,RandomValue404,RandomValue404,RandomValue404,8188594090,USD,166.6869456
03/04/2024,RandomValue405,RandomValue405,RandomValue405,8188093772,USD,827.3230317
03/04/2024,RandomValue406,RandomValue406,RandomValue406,8188596254,USD,804.9735189
03/04/2024,RandomValue407,RandomValue407,RandomValue407,8188058009,USD,333.9641029
03/04/2024,RandomValue408,RandomValue408,RandomValue408,8188204987,USD,121.3587618
03/04/2024,RandomValue409,RandomValue409,RandomValue409,8188610523,USD,984.0073386
03/04/2024,RandomValue410,RandomValue410,RandomValue410,8188704673,USD,811.9349747
03/04/2024,RandomValue411,RandomValue411,RandomValue411,8188704654,USD,935.6200359
03/04/2024,RandomValue412,RandomValue412,RandomValue412,8188613192,USD,327.0897271
03/04/2024,RandomValue413,RandomValue413,RandomValue413,10009502,NOK,740.0119829
03/04/2024,RandomValue414,RandomValue414,RandomValue414,41469365,HKD,346.475491
03/04/2024,RandomValue415,RandomValue415,RandomValue415,41469367,JPY,522.4054288
03/04/2024,RandomValue416,RandomValue416,RandomValue416,41469363,AUD,772.7138907
03/04/2024,RandomValue417,RandomValue417,RandomValue417,10008652,USD,564.8981707
03/04/2024,RandomValue418,RandomValue418,RandomValue418,10008644,SGD,313.8553008
03/04/2024,RandomValue419,RandomValue419,RandomValue419,10008651,GBP,725.7044301
03/04/2024,RandomValue420,RandomValue420,RandomValue420,41469368,MXN,672.1454546
03/04/2024,RandomValue421,RandomValue421,RandomValue421,41469364,CAD,415.8754502
03/04/2024,RandomValue422,RandomValue422,RandomValue422,10008650,CHF,557.4125327
03/04/2024,RandomValue423,RandomValue423,RandomValue423,10008642,PLN,797.4499097
03/04/2024,RandomValue424,RandomValue424,RandomValue424,41469366,EUR,495.0977091
03/04/2024,RandomValue425,RandomValue425,RandomValue425,10008649,SEK,891.8142279
03/04/2024,RandomValue426,RandomValue426,RandomValue426,77044304,JPY,943.7274105
03/04/2024,RandomValue427,RandomValue427,RandomValue427,77044308,SEK,214.0587373
03/04/2024,RandomValue428,RandomValue428,RandomValue428,77044311,DKK,450.9648859
03/04/2024,RandomValue429,RandomValue429,RandomValue429,77044313,ZAR,272.0067215
03/04/2024,RandomValue430,RandomValue430,RandomValue430,77044312,NZD,127.6361138
03/04/2024,RandomValue431,RandomValue431,RandomValue431,77044314,SGD,197.6272313
03/04/2024,RandomValue432,RandomValue432,RandomValue432,77044302,GBP,578.6152626
03/04/2024,RandomValue433,RandomValue433,RandomValue433,77044305,CHF,996.752899
03/04/2024,RandomValue434,RandomValue434,RandomValue434,77044309,NOK,274.3678794
03/04/2024,RandomValue435,RandomValue435,RandomValue435,77044310,HKD,136.5683318
03/04/2024,RandomValue436,RandomValue436,RandomValue436,77044301,EUR,612.2744948
03/04/2024,RandomValue437,RandomValue437,RandomValue437,77044306,AUD,732.1368768
02/04/2024,RandomValue438,RandomValue438,RandomValue438,6905465927,CAD,372.3407118
02/04/2024,RandomValue439,RandomValue439,RandomValue439,6905465943,CAD,392.7723473
02/04/2024,RandomValue440,RandomValue440,RandomValue440,6905333834,CAD,652.3638172
02/04/2024,RandomValue441,RandomValue441,RandomValue441,6907378263,USD,297.6608213
02/04/2024,RandomValue442,RandomValue442,RandomValue442,6905331564,CAD,431.476195
02/04/2024,RandomValue443,RandomValue443,RandomValue443,6907416882,USD,941.5591365
02/04/2024,RandomValue444,RandomValue444,RandomValue444,6905538622,CAD,690.6168749
02/04/2024,RandomValue445,RandomValue445,RandomValue445,6905388892,CAD,214.4259905
02/04/2024,RandomValue446,RandomValue446,RandomValue446,6907376929,USD,203.3930194
02/04/2024,RandomValue447,RandomValue447,RandomValue447,6905496989,CAD,219.0405109
02/04/2024,RandomValue448,RandomValue448,RandomValue448,6905333370,CAD,710.6667803
02/04/2024,RandomValue449,RandomValue449,RandomValue449,6905557457,CAD,305.9419845
02/04/2024,RandomValue450,RandomValue450,RandomValue450,6905333095,CAD,912.1667735
02/04/2024,RandomValue451,RandomValue451,RandomValue451,6905408370,CAD,449.8491578
02/04/2024,RandomValue452,RandomValue452,RandomValue452,6905538797,CAD,195.8363553
02/04/2024,RandomValue453,RandomValue453,RandomValue453,43505213849,CAD,887.3628193
02/04/2024,RandomValue454,RandomValue454,RandomValue454,43507304547,USD,106.1156856
02/04/2024,RandomValue455,RandomValue455,RandomValue455,6905333699,CAD,317.3393605
02/04/2024,RandomValue456,RandomValue456,RandomValue456,6907378352,USD,330.8958953
02/04/2024,RandomValue457,RandomValue457,RandomValue457,4.00515E+13,USD,299.2038787
02/04/2024,RandomValue458,RandomValue458,RandomValue458,4.00251E+13,GBP,935.8079057
02/04/2024,RandomValue459,RandomValue459,RandomValue459,4.00516E+13,EUR,304.7199513
02/04/2024,RandomValue460,RandomValue460,RandomValue460,4.00251E+13,GBP,955.8810371
02/04/2024,RandomValue461,RandomValue461,RandomValue461,4.0025E+13,GBP,135.9339987
02/04/2024,RandomValue462,RandomValue462,RandomValue462,4.00515E+13,EUR,923.6241051
02/04/2024,RandomValue463,RandomValue463,RandomValue463,4.00251E+13,GBP,718.000485
02/04/2024,RandomValue464,RandomValue464,RandomValue464,4.00516E+13,USD,480.729073
02/04/2024,RandomValue465,RandomValue465,RandomValue465,4.00251E+13,GBP,402.5726281
02/04/2024,RandomValue466,RandomValue466,RandomValue466,4.00516E+13,USD,666.7337692
02/04/2024,RandomValue467,RandomValue467,RandomValue467,4.00515E+13,USD,930.7742737
02/04/2024,RandomValue468,RandomValue468,RandomValue468,4.00516E+13,AUD,863.9124199
02/04/2024,RandomValue469,RandomValue469,RandomValue469,4.00515E+13,EUR,110.3697307
02/04/2024,RandomValue470,RandomValue470,RandomValue470,71852934,NOK,492.8969948
02/04/2024,RandomValue471,RandomValue471,RandomValue471,4.0025E+13,GBP,251.3626813
02/04/2024,RandomValue472,RandomValue472,RandomValue472,4.00516E+13,CAD,191.5356113
02/04/2024,RandomValue473,RandomValue473,RandomValue473,4.00515E+13,HKD,75.33824405
02/04/2024,RandomValue474,RandomValue474,RandomValue474,4.00251E+13,GBP,978.2331051
02/04/2024,RandomValue475,RandomValue475,RandomValue475,4.00251E+13,GBP,852.3076197
02/04/2024,RandomValue476,RandomValue476,RandomValue476,4.00251E+13,GBP,751.3174073
02/04/2024,RandomValue477,RandomValue477,RandomValue477,4.00251E+13,GBP,433.3672876
02/04/2024,RandomValue478,RandomValue478,RandomValue478,4.00251E+13,GBP,38.01754663
02/04/2024,RandomValue479,RandomValue479,RandomValue479,4.0025E+13,GBP,68.99565129
02/04/2024,RandomValue480,RandomValue480,RandomValue480,4.0025E+13,GBP,227.0527096
02/04/2024,RandomValue481,RandomValue481,RandomValue481,4.00251E+13,GBP,325.040969
02/04/2024,RandomValue482,RandomValue482,RandomValue482,4.00251E+13,GBP,705.61627
02/04/2024,RandomValue483,RandomValue483,RandomValue483,4.00516E+13,USD,864.394891
02/04/2024,RandomValue484,RandomValue484,RandomValue484,4.00516E+13,CHF,762.7595823
02/04/2024,RandomValue485,RandomValue485,RandomValue485,4.00515E+13,CAD,851.8950007
02/04/2024,RandomValue486,RandomValue486,RandomValue486,4.00515E+13,AUD,761.2687179
02/04/2024,RandomValue487,RandomValue487,RandomValue487,4.00515E+13,USD,924.7503082
02/04/2024,RandomValue488,RandomValue488,RandomValue488,4.00515E+13,SGD,662.3752182
02/04/2024,RandomValue489,RandomValue489,RandomValue489,4.00516E+13,PLN,284.4489931
02/04/2024,RandomValue490,RandomValue490,RandomValue490,4.00516E+13,NZD,266.3183574
02/04/2024,RandomValue491,RandomValue491,RandomValue491,4.00515E+13,JPY,54.29474568
02/04/2024,RandomValue492,RandomValue492,RandomValue492,4.00515E+13,EUR,624.8552827
02/04/2024,RandomValue493,RandomValue493,RandomValue493,4.00531E+13,GBP,611.756127
02/04/2024,RandomValue494,RandomValue494,RandomValue494,4.00516E+13,ZAR,634.8715778
02/04/2024,RandomValue495,RandomValue495,RandomValue495,4.00515E+13,HKD,933.1900709
02/04/2024,RandomValue496,RandomValue496,RandomValue496,4.00251E+13,GBP,621.0080901
02/04/2024,RandomValue497,RandomValue497,RandomValue497,4.00516E+13,CNH,755.4461691
02/04/2024,RandomValue498,RandomValue498,RandomValue498,4.00516E+13,EUR,914.6208425
02/04/2024,RandomValue499,RandomValue499,RandomValue499,4.00516E+13,USD,572.7488513
02/04/2024,RandomValue500,RandomValue500,RandomValue500,4.0025E+13,GBP,114.4641573
02/04/2024,RandomValue501,RandomValue501,RandomValue501,4.0025E+13,GBP,871.2710823
02/04/2024,RandomValue502,RandomValue502,RandomValue502,4.00251E+13,GBP,755.5129041
02/04/2024,RandomValue503,RandomValue503,RandomValue503,4.0025E+13,GBP,294.5129104
02/04/2024,RandomValue504,RandomValue504,RandomValue504,4.00251E+13,GBP,148.5291278
02/04/2024,RandomValue505,RandomValue505,RandomValue505,,EUR,0.979227938
02/04/2024,RandomValue506,RandomValue506,RandomValue506,,GBP,823.0299826
02/04/2024,RandomValue507,RandomValue507,RandomValue507,8188439650,USD,626.7758596
02/04/2024,RandomValue508,RandomValue508,RandomValue508,8188439636,USD,919.6344955
02/04/2024,RandomValue509,RandomValue509,RandomValue509,8188195483,USD,837.0486958
02/04/2024,RandomValue510,RandomValue510,RandomValue510,8188608186,USD,926.89421
02/04/2024,RandomValue511,RandomValue511,RandomValue511,8188596254,USD,504.4783007
02/04/2024,RandomValue512,RandomValue512,RandomValue512,8188813191,USD,904.3092368
02/04/2024,RandomValue513,RandomValue513,RandomValue513,8188093772,USD,300.6261151
02/04/2024,RandomValue514,RandomValue514,RandomValue514,8188206306,USD,403.8410182
02/04/2024,RandomValue515,RandomValue515,RandomValue515,8188594090,USD,590.5791198
02/04/2024,RandomValue516,RandomValue516,RandomValue516,8188058009,USD,353.3566498
02/04/2024,RandomValue517,RandomValue517,RandomValue517,8188204987,USD,26.58906843
02/04/2024,RandomValue518,RandomValue518,RandomValue518,8188610523,USD,209.2119408
02/04/2024,RandomValue519,RandomValue519,RandomValue519,8188704673,USD,183.3218739
02/04/2024,RandomValue520,RandomValue520,RandomValue520,8188704654,USD,654.5840377
02/04/2024,RandomValue521,RandomValue521,RandomValue521,8188613192,USD,182.8931542
02/04/2024,RandomValue522,RandomValue522,RandomValue522,41469366,EUR,321.5926812
02/04/2024,RandomValue523,RandomValue523,RandomValue523,10008649,SEK,651.696101
02/04/2024,RandomValue524,RandomValue524,RandomValue524,41469363,AUD,649.0798189
02/04/2024,RandomValue525,RandomValue525,RandomValue525,10008642,PLN,601.0713989
02/04/2024,RandomValue526,RandomValue526,RandomValue526,41469367,JPY,252.8382554
02/04/2024,RandomValue527,RandomValue527,RandomValue527,10008644,SGD,786.2678839
02/04/2024,RandomValue528,RandomValue528,RandomValue528,10009502,NOK,652.8630695
02/04/2024,RandomValue529,RandomValue529,RandomValue529,10008652,USD,812.8545106
02/04/2024,RandomValue530,RandomValue530,RandomValue530,10008651,GBP,348.7239315
02/04/2024,RandomValue531,RandomValue531,RandomValue531,41469368,MXN,420.1433164
02/04/2024,RandomValue532,RandomValue532,RandomValue532,41469365,HKD,518.316367
02/04/2024,RandomValue533,RandomValue533,RandomValue533,41469364,CAD,701.2464755
02/04/2024,RandomValue534,RandomValue534,RandomValue534,10008650,CHF,638.3031188
02/04/2024,RandomValue535,RandomValue535,RandomValue535,77044306,AUD,269.6219055
02/04/2024,RandomValue536,RandomValue536,RandomValue536,77044304,JPY,187.428428
02/04/2024,RandomValue537,RandomValue537,RandomValue537,77044311,DKK,168.3929196
02/04/2024,RandomValue538,RandomValue538,RandomValue538,77044309,NOK,119.32651
02/04/2024,RandomValue539,RandomValue539,RandomValue539,77044308,SEK,962.6603821
02/04/2024,RandomValue540,RandomValue540,RandomValue540,77044301,EUR,58.80778547
02/04/2024,RandomValue541,RandomValue541,RandomValue541,77044302,GBP,942.1647252
02/04/2024,RandomValue542,RandomValue542,RandomValue542,77044312,NZD,820.2389882
02/04/2024,RandomValue543,RandomValue543,RandomValue543,77044305,CHF,298.7334749
02/04/2024,RandomValue544,RandomValue544,RandomValue544,77044313,ZAR,877.9645344
02/04/2024,RandomValue545,RandomValue545,RandomValue545,77044314,SGD,274.2404685
02/04/2024,RandomValue546,RandomValue546,RandomValue546,77044310,HKD,164.47148
04/04/2024,RandomValue547,RandomValue547,RandomValue547,6905465927,CAD,477.0352185
04/04/2024,RandomValue548,RandomValue548,RandomValue548,6905465943,CAD,585.9440544
04/04/2024,RandomValue549,RandomValue549,RandomValue549,6905333834,CAD,272.1668151
04/04/2024,RandomValue550,RandomValue550,RandomValue550,6905333095,CAD,292.374424
04/04/2024,RandomValue551,RandomValue551,RandomValue551,6905557457,CAD,999.9275903
04/04/2024,RandomValue552,RandomValue552,RandomValue552,6905331564,CAD,162.1056526
04/04/2024,RandomValue553,RandomValue553,RandomValue553,6907376929,USD,566.6011656
04/04/2024,RandomValue554,RandomValue554,RandomValue554,6907416882,USD,210.3207769
04/04/2024,RandomValue555,RandomValue555,RandomValue555,6905388892,CAD,835.1114849
04/04/2024,RandomValue556,RandomValue556,RandomValue556,6905496989,CAD,736.6982797
04/04/2024,RandomValue557,RandomValue557,RandomValue557,6905333370,CAD,741.4063891
04/04/2024,RandomValue558,RandomValue558,RandomValue558,6907378263,USD,181.7312966
04/04/2024,RandomValue559,RandomValue559,RandomValue559,6905408370,CAD,762.3197786
04/04/2024,RandomValue560,RandomValue560,RandomValue560,6905538622,CAD,76.68277846
04/04/2024,RandomValue561,RandomValue561,RandomValue561,43507304547,USD,218.4970069
04/04/2024,RandomValue562,RandomValue562,RandomValue562,43505213849,CAD,737.135221
04/04/2024,RandomValue563,RandomValue563,RandomValue563,6905538797,CAD,778.1983038
04/04/2024,RandomValue564,RandomValue564,RandomValue564,6907378352,USD,844.4204702
04/04/2024,RandomValue565,RandomValue565,RandomValue565,6905333699,CAD,821.5051964
04/04/2024,RandomValue566,RandomValue566,RandomValue566,4.00516E+13,USD,887.8323161
04/04/2024,RandomValue567,RandomValue567,RandomValue567,4.00516E+13,EUR,486.6602611
04/04/2024,RandomValue568,RandomValue568,RandomValue568,4.00251E+13,GBP,156.277034
04/04/2024,RandomValue569,RandomValue569,RandomValue569,4.00251E+13,GBP,706.7896388
04/04/2024,RandomValue570,RandomValue570,RandomValue570,4.00515E+13,EUR,137.7927773
04/04/2024,RandomValue571,RandomValue571,RandomValue571,4.00251E+13,GBP,901.491689
04/04/2024,RandomValue572,RandomValue572,RandomValue572,4.0025E+13,GBP,402.6178564
04/04/2024,RandomValue573,RandomValue573,RandomValue573,4.00515E+13,USD,833.0733911
04/04/2024,RandomValue574,RandomValue574,RandomValue574,4.00516E+13,USD,319.3505148
04/04/2024,RandomValue575,RandomValue575,RandomValue575,4.00251E+13,GBP,962.461857
04/04/2024,RandomValue576,RandomValue576,RandomValue576,4.00516E+13,CAD,458.313073
04/04/2024,RandomValue577,RandomValue577,RandomValue577,4.00515E+13,EUR,623.0435413
04/04/2024,RandomValue578,RandomValue578,RandomValue578,71852934,NOK,419.7600265
04/04/2024,RandomValue579,RandomValue579,RandomValue579,4.00516E+13,AUD,58.99745112
04/04/2024,RandomValue580,RandomValue580,RandomValue580,4.0025E+13,GBP,508.6106791
04/04/2024,RandomValue581,RandomValue581,RandomValue581,4.00515E+13,HKD,76.72870416
04/04/2024,RandomValue582,RandomValue582,RandomValue582,4.00515E+13,USD,825.0876069
04/04/2024,RandomValue583,RandomValue583,RandomValue583,4.00251E+13,GBP,255.7345667
04/04/2024,RandomValue584,RandomValue584,RandomValue584,4.0025E+13,GBP,956.9258511
04/04/2024,RandomValue585,RandomValue585,RandomValue585,4.00251E+13,GBP,528.8050244
04/04/2024,RandomValue586,RandomValue586,RandomValue586,4.00251E+13,GBP,19.54756505
04/04/2024,RandomValue587,RandomValue587,RandomValue587,4.00251E+13,GBP,818.5635036
04/04/2024,RandomValue588,RandomValue588,RandomValue588,4.00251E+13,GBP,925.6517888
04/04/2024,RandomValue589,RandomValue589,RandomValue589,4.0025E+13,GBP,927.7894442
04/04/2024,RandomValue590,RandomValue590,RandomValue590,4.00251E+13,GBP,345.4612931
04/04/2024,RandomValue591,RandomValue591,RandomValue591,4.00251E+13,GBP,125.4255864
04/04/2024,RandomValue592,RandomValue592,RandomValue592,4.00516E+13,USD,239.0705215
04/04/2024,RandomValue593,RandomValue593,RandomValue593,4.00515E+13,AUD,661.8677553
04/04/2024,RandomValue594,RandomValue594,RandomValue594,4.00531E+13,GBP,411.1358064
04/04/2024,RandomValue595,RandomValue595,RandomValue595,4.00515E+13,USD,119.4461297
04/04/2024,RandomValue596,RandomValue596,RandomValue596,4.00516E+13,CHF,336.2551468
04/04/2024,RandomValue597,RandomValue597,RandomValue597,4.00516E+13,NZD,628.3606925
04/04/2024,RandomValue598,RandomValue598,RandomValue598,4.00515E+13,SGD,330.241186
04/04/2024,RandomValue599,RandomValue599,RandomValue599,4.00516E+13,PLN,400.0565765
04/04/2024,RandomValue600,RandomValue600,RandomValue600,4.00515E+13,HKD,340.7608322
04/04/2024,RandomValue601,RandomValue601,RandomValue601,4.00251E+13,GBP,838.0607412
04/04/2024,RandomValue602,RandomValue602,RandomValue602,4.00516E+13,ZAR,581.1573293
04/04/2024,RandomValue603,RandomValue603,RandomValue603,4.00515E+13,JPY,851.9786087
04/04/2024,RandomValue604,RandomValue604,RandomValue604,4.00515E+13,EUR,10.80169455
04/04/2024,RandomValue605,RandomValue605,RandomValue605,4.00516E+13,CNH,412.254572
04/04/2024,RandomValue606,RandomValue606,RandomValue606,4.00515E+13,CAD,882.7999024
04/04/2024,RandomValue607,RandomValue607,RandomValue607,4.00516E+13,USD,510.2000289
04/04/2024,RandomValue608,RandomValue608,RandomValue608,4.00516E+13,EUR,41.74479767
04/04/2024,RandomValue609,RandomValue609,RandomValue609,4.0025E+13,GBP,401.6005473
04/04/2024,RandomValue610,RandomValue610,RandomValue610,4.0025E+13,GBP,853.1849169
04/04/2024,RandomValue611,RandomValue611,RandomValue611,4.00251E+13,GBP,588.3186976
04/04/2024,RandomValue612,RandomValue612,RandomValue612,4.0025E+13,GBP,303.7450378
04/04/2024,RandomValue613,RandomValue613,RandomValue613,4.00251E+13,GBP,898.2132742
04/04/2024,RandomValue614,RandomValue614,RandomValue614,,EUR,752.5816266
04/04/2024,RandomValue615,RandomValue615,RandomValue615,,GBP,734.4986513
04/04/2024,RandomValue616,RandomValue616,RandomValue616,8188439650,USD,478.5685095
04/04/2024,RandomValue617,RandomValue617,RandomValue617,8188439636,USD,836.2026055
04/04/2024,RandomValue618,RandomValue618,RandomValue618,8188195483,USD,36.52070522
04/04/2024,RandomValue619,RandomValue619,RandomValue619,3359874552,USD,293.1868537
04/04/2024,RandomValue620,RandomValue620,RandomValue620,8188608186,USD,796.9049583
04/04/2024,RandomValue621,RandomValue621,RandomValue621,8188596254,USD,131.8473724
04/04/2024,RandomValue622,RandomValue622,RandomValue622,8188093772,USD,817.5694335
04/04/2024,RandomValue623,RandomValue623,RandomValue623,8188206306,USD,361.7636559
04/04/2024,RandomValue624,RandomValue624,RandomValue624,8188813191,USD,167.8593338
04/04/2024,RandomValue625,RandomValue625,RandomValue625,8188594090,USD,489.1761753
04/04/2024,RandomValue626,RandomValue626,RandomValue626,8188058009,USD,569.215047
04/04/2024,RandomValue627,RandomValue627,RandomValue627,8188204987,USD,710.533612
04/04/2024,RandomValue628,RandomValue628,RandomValue628,8188610523,USD,782.6952252
04/04/2024,RandomValue629,RandomValue629,RandomValue629,8188704673,USD,776.8165445
04/04/2024,RandomValue630,RandomValue630,RandomValue630,8188704654,USD,356.712839
04/04/2024,RandomValue631,RandomValue631,RandomValue631,8188613192,USD,173.5822739
04/04/2024,RandomValue632,RandomValue632,RandomValue632,41469365,HKD,156.2483615
04/04/2024,RandomValue633,RandomValue633,RandomValue633,41469364,CAD,331.4372801
04/04/2024,RandomValue634,RandomValue634,RandomValue634,10008650,CHF,106.1836551
04/04/2024,RandomValue635,RandomValue635,RandomValue635,41469366,EUR,760.315636
04/04/2024,RandomValue636,RandomValue636,RandomValue636,10008649,SEK,533.5721517
04/04/2024,RandomValue637,RandomValue637,RandomValue637,10009502,NOK,291.5037986
04/04/2024,RandomValue638,RandomValue638,RandomValue638,41469363,AUD,289.0945429
04/04/2024,RandomValue639,RandomValue639,RandomValue639,10008644,SGD,516.8998322
04/04/2024,RandomValue640,RandomValue640,RandomValue640,10008652,USD,68.82835992
04/04/2024,RandomValue641,RandomValue641,RandomValue641,41469367,JPY,746.7767032
04/04/2024,RandomValue642,RandomValue642,RandomValue642,10008651,GBP,437.8144896
04/04/2024,RandomValue643,RandomValue643,RandomValue643,41469368,MXN,124.4432409
04/04/2024,RandomValue644,RandomValue644,RandomValue644,10008642,PLN,724.0864472
04/04/2024,RandomValue645,RandomValue645,RandomValue645,77044314,SGD,819.4049112
04/04/2024,RandomValue646,RandomValue646,RandomValue646,77044308,SEK,616.0754437
04/04/2024,RandomValue647,RandomValue647,RandomValue647,77044311,DKK,333.1180015
04/04/2024,RandomValue648,RandomValue648,RandomValue648,77044309,NOK,372.3996679
04/04/2024,RandomValue649,RandomValue649,RandomValue649,77044301,EUR,336.8384113
04/04/2024,RandomValue650,RandomValue650,RandomValue650,77044304,JPY,305.7367963
04/04/2024,RandomValue651,RandomValue651,RandomValue651,77044305,CHF,69.3707793
04/04/2024,RandomValue652,RandomValue652,RandomValue652,77044302,GBP,977.7966711
04/04/2024,RandomValue653,RandomValue653,RandomValue653,77044312,NZD,33.05341921
04/04/2024,RandomValue654,RandomValue654,RandomValue654,77044306,AUD,380.328446
04/04/2024,RandomValue655,RandomValue655,RandomValue655,77044310,HKD,875.1560526
04/04/2024,RandomValue656,RandomValue656,RandomValue656,77044313,ZAR,701.0931821
